ID	Branche	Responsable	Reviewer	Sprint
GOV-01	docs/GOV-01-depot-acces	Joel	Matteo	S1
GOV-02	docs/GOV-02-convention-branches	Thomas	Joel	S1
GOV-03	docs/GOV-03-regles-pr	Matteo	Thomas	S1
GOV-04	docs/GOV-04-tableau-scrum	Thomas	Joel	S1
GOV-05	docs/GOV-05-labels	Matteo	Thomas	S1
GOV-06	docs/GOV-06-modele-issue	Joel	Matteo	S1
GOV-07	docs/GOV-07-definition-of-ready	Matteo	Thomas	S1
GOV-08	docs/GOV-08-definition-of-done	Joel	Matteo	S1
GOV-09	docs/GOV-09-rendez-vous	Thomas	Joel	S1
UX-01	docs/UX-01-parcours-visiteur	Thomas	Joel	S1
UX-02	docs/UX-02-wireframe-liste	Thomas	Joel	S1
UX-03	docs/UX-03-donnees-carte-annonce	Joel	Matteo	S1
UX-04	docs/UX-04-wireframe-auth	Matteo	Thomas	S1
UX-05	docs/UX-05-wireframe-club	Joel	Matteo	S3
UX-06	docs/UX-06-wireframe-detail	Thomas	Joel	S1
UX-07	docs/UX-07-wireframe-joueur	Matteo	Thomas	S3
UX-08	docs/UX-08-wireframe-admin	Joel	Matteo	S1
UX-09	docs/UX-09-charte-graphique	Matteo	Thomas	S4
DB-01	docs/DB-01-choix-sql	Joel	Matteo	S1
DB-02	docs/DB-02-modele-relationnel	Joel	Matteo	S1
DB-03	feature/DB-03-contraintes	Matteo	Thomas	S1
DB-04	feature/DB-04-users	Thomas	Joel	S1
DB-05	feature/DB-05-profils	Joel	Matteo	S1
DB-06	feature/DB-06-positions	Matteo	Thomas	S1
DB-07	feature/DB-07-annonces	Thomas	Joel	S1
DB-08	feature/DB-08-candidatures	Matteo	Thomas	S1
DB-09	feature/DB-09-schema-seed	Thomas	Joel	S1
AUTH-01	docs/AUTH-01-contrat-api	Matteo	Thomas	S2
AUTH-02	feature/AUTH-02-inscription-joueur	Matteo	Thomas	S2
AUTH-03	feature/AUTH-03-contraintes-comptes	Joel	Matteo	S2
AUTH-04	feature/AUTH-04-formulaire-inscription	Thomas	Joel	S2
AUTH-05	feature/AUTH-05-inscription-club	Matteo	Thomas	S2
AUTH-06	feature/AUTH-06-admin-demo	Joel	Matteo	S2
AUTH-07	feature/AUTH-07-formulaire-connexion	Thomas	Joel	S2
AUTH-08	feature/AUTH-08-session	Joel	Matteo	S2
AUTH-09	feature/AUTH-09-garde-roles	Thomas	Joel	S3
ADS-01	feature/ADS-01-page-annonces	Thomas	Joel	S2
ADS-02	feature/ADS-02-carte-annonce	Thomas	Joel	S2
ADS-03	feature/ADS-03-requete-approved	Joel	Matteo	S2
ADS-04	feature/ADS-04-liste-publique	Matteo	Thomas	S2
ADS-05	feature/ADS-05-affichage-liste	Thomas	Joel	S2
ADS-06	feature/ADS-06-detail-annonce	Joel	Matteo	S2
ADS-07	feature/ADS-07-detail-dynamique	Matteo	Thomas	S2
ADS-08	feature/ADS-08-etats-interface	Joel	Matteo	S4
ADS-09	feature/ADS-09-filtre-poste	Matteo	Thomas	S4
CLUB-01	feature/CLUB-01-dashboard	Thomas	Joel	S2
CLUB-02	feature/CLUB-02-formulaire-annonce	Thomas	Joel	S2
CLUB-03	feature/CLUB-03-creation-pending	Matteo	Thomas	S2
CLUB-04	feature/CLUB-04-statut-initial	Joel	Matteo	S2
CLUB-05	feature/CLUB-05-mes-annonces	Joel	Matteo	S3
CLUB-06	feature/CLUB-06-endpoint-mes-annonces	Matteo	Thomas	S3
CLUB-07	feature/CLUB-07-modification-annonce	Thomas	Joel	S3
CLUB-08	feature/CLUB-08-suppression-annonce	Joel	Matteo	S3
CLUB-09	feature/CLUB-09-motif-rejet	Matteo	Thomas	S3
PLAYER-01	feature/PLAYER-01-dashboard	Thomas	Joel	S3
PLAYER-02	feature/PLAYER-02-formulaire-profil	Thomas	Joel	S3
PLAYER-03	feature/PLAYER-03-api-profil	Matteo	Thomas	S2
PLAYER-04	feature/PLAYER-04-contraintes-profil	Joel	Matteo	S2
PLAYER-05	feature/PLAYER-05-pre-remplissage	Joel	Matteo	S3
PLAYER-06	feature/PLAYER-06-lecture-profil	Matteo	Thomas	S3
PLAYER-07	feature/PLAYER-07-mes-candidatures	Thomas	Joel	S3
PLAYER-08	feature/PLAYER-08-requete-candidatures	Joel	Matteo	S3
PLAYER-09	feature/PLAYER-09-endpoint-candidatures	Matteo	Thomas	S3
APP-01	docs/APP-01-regles-candidature	Joel	Matteo	S2
APP-02	feature/APP-02-formulaire-postuler	Thomas	Joel	S3
APP-03	feature/APP-03-creation-candidature	Matteo	Thomas	S2
APP-04	feature/APP-04-annonce-approved	Matteo	Thomas	S2
APP-05	feature/APP-05-anti-doublon	Joel	Matteo	S3
APP-06	feature/APP-06-confirmation	Thomas	Joel	S3
APP-07	feature/APP-07-vue-club	Thomas	Joel	S3
APP-08	feature/APP-08-requete-candidats	Joel	Matteo	S3
APP-09	feature/APP-09-endpoint-club	Matteo	Thomas	S3
ADMIN-01	feature/ADMIN-01-page-protegee	Thomas	Joel	S3
ADMIN-02	feature/ADMIN-02-liste-pending	Thomas	Joel	S3
ADMIN-03	feature/ADMIN-03-requete-pending	Joel	Matteo	S2
ADMIN-04	feature/ADMIN-04-endpoint-moderation	Matteo	Thomas	S2
ADMIN-05	feature/ADMIN-05-approbation	Matteo	Thomas	S3
ADMIN-06	feature/ADMIN-06-rejet-motif	Joel	Matteo	S3
ADMIN-07	feature/ADMIN-07-retour-moderation	Thomas	Joel	S3
ADMIN-08	feature/ADMIN-08-crud	Joel	Matteo	S4
ADMIN-09	feature/ADMIN-09-pagination	Matteo	Thomas	S4
API-01	docs/API-01-conventions-rest	Matteo	Thomas	S1
API-02	docs/API-02-format-json	Matteo	Thomas	S1
API-03	docs/API-03-codes-http	Joel	Matteo	S1
API-04	feature/API-04-validation-serveur	Thomas	Joel	S3
API-05	feature/API-05-erreurs-back	Matteo	Thomas	S3
API-06	test/API-06-tests-routes	Joel	Matteo	S2
API-07	feature/API-07-url-api	Thomas	Joel	S3
API-08	feature/API-08-gestion-401-403	Joel	Matteo	S3
API-09	test/API-09-test-parcours	Thomas	Joel	S4
TEST-01	test/TEST-01-smoke-quotidien	Thomas	Joel	S1
TEST-02	test/TEST-02-reconstruction-db	Joel	Matteo	S1
TEST-03	test/TEST-03-demarrage-back	Matteo	Thomas	S2
TEST-04	test/TEST-04-droits-roles	Matteo	Thomas	S4
TEST-05	test/TEST-05-mots-de-passe	Joel	Matteo	S4
TEST-06	test/TEST-06-requetes-parametrees	Thomas	Joel	S4
TEST-07	test/TEST-07-responsive	Thomas	Joel	S4
TEST-08	test/TEST-08-erreurs-reseau	Joel	Matteo	S4
TEST-09	test/TEST-09-bug-bash	Matteo	Thomas	S4
DOC-01	docs/DOC-01-readme	Joel	Matteo	S1
DOC-02	docs/DOC-02-installation-db	Joel	Matteo	S4
DOC-03	docs/DOC-03-lancement-back	Matteo	Thomas	S4
DOC-04	docs/DOC-04-lancement-front	Thomas	Joel	S4
DOC-05	docs/DOC-05-schema-db	Joel	Matteo	S4
DOC-06	docs/DOC-06-routes-api	Matteo	Thomas	S4
DOC-07	docs/DOC-07-captures	Thomas	Joel	S4
DOC-08	docs/DOC-08-demo	Matteo	Thomas	S4
DOC-09	docs/DOC-09-presentation	Thomas	Joel	S4
REL-01	docs/REL-01-integration-s1	Thomas	Joel	S1
REL-02	docs/REL-02-review-s1	Joel	Matteo	S1
REL-03	docs/REL-03-retro-s1	Matteo	Thomas	S1
REL-04	docs/REL-04-version-candidate	Matteo	Thomas	S4
REL-05	docs/REL-05-gel-fonctionnalites	Joel	Matteo	S4
REL-06	docs/REL-06-regression	Thomas	Joel	S4
REL-07	docs/REL-07-secrets	Joel	Matteo	S4
REL-08	docs/REL-08-clone-propre	Matteo	Thomas	S4
REL-09	docs/REL-09-livraison	Thomas	Joel	S4
